{
  "probability_threshold": 0.6,
  "expected_r": 2.310344827586207,
  "analyzed_at": "2026-01-02T19:52:49.847392+00:00"
}